gene,seq_length,W1,W2,W3,W4,W5,W6,W7,W8,W9,W10,W11,W12,W13,W14,W15,W16,W17,W18,W19,W20,W21,W22,W23,W24,W25,W26,W27,W28,W29,W30,W31,W32,W33,W34,W35,W36,W37,W38,W39,W40,W41,W42,W43,W44,W45,W46,W47,W48,W49,W50,W51,W52,W53,W54,W55,W56,W57,W58,W59,W60,W61,W62,W63,W64,W65,W66,W67,W68,W69,W70,W71,W72,W73,W74,W75,W76,W77,W78,W79,W80,W81,W82,W83,W84,W85,W86,W87,W88,W89,W90,W91,W92,W93,W94,W95,W96,W97,W98,W99,W100
Trim30a,496,-3,-4,-4,-4,-4,-4,-3,-2,-2,-2,-3,-2,-1,-1,-2,-2,-2,-1,-1,-1,-1,-1,0,-1,0,0,0,0,0,2,2,2,2,2,2,2,1,1,2,2,2,2,2,2,3,3,3,2,1,2,3,4,3,3,4,4,4,4,3,1,0,0,1,1,1,1,1,1,0,0,0,-1,0,0,1,1,1,1,3,3,2,1,1,1,0,0,0,0,1,1,3,3,2,1,1,2,2,2,2,2
9930111J21Rik1,844,0,0,0,1,1,1,1,1,0,0,0,0,-1,0,0,0,1,1,0,-1,-1,-1,-1,-1,-2,-2,-2,-2,-2,-3,-3,-4,-4,-5,-5,-5,-5,-6,-4,-4,-4,-4,-4,-4,-3,-3,-3,-3,-3,-2,-2,-2,-2,-1,0,0,0,0,0,0,0,0,0,0,0,-1,-2,-2,-4,-4,-4,-4,-4,-4,-4,-4,-4,-4,-3,-3,-3,-3,-4,-4,-4,-4,-4,-4,-4,-4,-3,-3,-3,-3,-3,-2,-1,0,0,0
Ankrd17,2603,-1,-2,-2,-3,-3,-3,-3,-3,-2,-2,-2,-1,-1,0,1,1,1,1,2,2,2,1,1,1,1,2,3,4,4,4,4,4,5,5,5,5,5,5,4,4,4,5,5,6,6,6,7,7,6,7,7,8,8,8,8,6,5,4,4,3,3,2,2,2,2,2,2,2,2,2,2,1,1,0,-1,-1,-2,-2,-2,-3,-3,-3,-3,-4,-5,-5,-6,-7,-8,-8,-9,-9,-10,-11,-12,-12,-12,-13,-13,-14
Apobec3,440,6,5,5,5,5,3,3,3,4,3,3,3,4,4,4,4,4,4,5,5,6,7,5,4,4,4,4,4,3,2,2,3,4,3,3,3,3,3,2,2,2,2,1,1,1,1,2,2,2,1,0,-1,0,0,-1,-1,-1,-1,0,0,0,-1,-2,-2,-1,0,0,1,1,1,1,1,2,1,0,0,0,0,-1,0,0,0,0,0,1,1,1,1,0,0,0,-1,-1,0,-1,0,0,-1,-1,-1
Bst2,172,1,0,0,0,0,0,0,0,0,0,0,0,0,0,1,2,2,2,2,1,1,1,1,1,1,1,0,0,0,1,0,0,0,1,1,1,1,0,0,1,1,1,1,1,1,1,1,2,2,2,2,3,3,3,2,2,2,2,2,1,1,1,1,0,0,0,0,1,1,0,0,0,0,0,0,-1,-1,-2,-3,-2,-1,-2,-2,-2,-1,-1,-2,-2,-2,-2,0,0,1,0,0,-1,-1,-2,-2,-2
Ccl2,148,0,-1,-1,-1,-1,-1,-1,-1,-1,-1,-1,0,0,0,0,0,0,1,1,0,0,0,1,2,2,2,3,3,4,4,4,5,4,4,4,4,4,4,4,5,5,5,6,5,5,5,5,3,3,5,6,5,4,3,3,3,3,3,3,3,3,1,3,3,3,3,4,4,3,2,2,1,0,1,2,2,2,3,3,2,2,3,3,3,3,3,3,3,3,3,3,5,5,5,4,4,3,3,4,4
Ccr1,355,-3,-4,-3,-3,-3,-2,-2,-2,-1,-1,-1,-1,-1,-1,-1,0,0,1,1,1,2,2,2,2,2,2,1,1,1,1,0,0,0,1,2,2,2,2,2,2,2,2,2,2,2,2,2,2,2,2,1,1,1,1,1,1,1,1,1,1,1,1,0,-1,-1,-1,0,-1,-2,-2,-2,-2,-2,-3,-3,-3,-3,-2,-2,-2,-1,-1,-1,-1,-1,-1,-1,-1,-1,-1,-2,-2,-1,-1,-2,-2,-3,-2,-1,-1
Ccrl2,360,-8,-9,-8,-9,-9,-9,-9,-9,-9,-8,-7,-6,-6,-5,-5,-5,-5,-5,-4,-3,-3,-3,-2,-2,-3,-3,-3,-2,-2,-2,-2,-2,-2,-1,0,0,1,1,1,2,2,2,2,2,2,2,2,2,2,2,2,2,2,2,3,3,3,3,3,3,3,3,3,3,2,2,1,1,1,0,0,-1,-1,-1,-1,-1,-1,-1,-1,0,0,0,0,0,0,0,0,0,0,0,0,0,-1,-1,-1,-1,-1,-1,-1,-1
Cd274,290,3,1,0,0,0,0,0,0,0,-1,-1,0,0,0,0,-1,0,-2,-2,-3,-3,-3,-3,-3,-3,-4,-3,-3,-4,-3,-4,-4,-5,-5,-5,-5,-5,-5,-5,-4,-4,-6,-7,-8,-8,-6,-7,-6,-6,-5,-5,-5,-4,-4,-3,-3,-3,-3,-2,-2,-2,-1,0,0,1,1,1,1,1,1,1,2,3,3,3,3,3,3,2,2,2,2,1,1,0,0,0,0,0,-1,0,0,-1,-1,-1,0,0,0,0,1
Cd74,279,0,-1,0,1,1,0,1,1,1,1,1,1,2,2,2,2,2,2,2,2,1,1,0,1,1,2,1,1,1,0,1,1,0,1,1,1,1,1,1,1,1,1,1,1,0,0,0,1,1,2,2,2,3,3,3,4,4,4,4,4,3,4,5,4,4,4,4,4,4,5,5,5,5,5,5,5,5,4,4,3,3,3,3,3,3,2,3,3,3,3,3,2,2,1,1,1,1,1,1,0
Cd86,309,-1,-2,-1,-1,-2,-2,-2,-2,-2,-2,-2,-2,-2,-2,-1,-1,-1,-1,-1,-1,-1,-1,-1,-1,-1,-1,-1,0,0,-1,-1,-1,0,0,0,0,0,-1,-1,-1,-1,-1,-1,-2,-2,-2,-3,-3,-3,-3,-3,-2,-1,-1,-1,0,0,0,0,0,1,1,0,0,0,0,1,2,2,2,2,2,2,4,2,2,3,3,3,2,2,1,1,1,2,2,2,2,2,3,2,2,2,2,2,2,1,1,1,0
Clec4a1,245,0,-1,-2,-2,-2,-2,-2,-2,-2,0,1,1,1,0,0,1,1,1,1,1,1,1,2,2,3,3,3,3,3,3,3,3,4,4,4,4,4,4,4,3,2,2,2,2,2,1,1,1,1,1,1,0,-1,-1,-2,-3,-2,-2,-2,-2,-3,-2,-2,-2,-2,-2,-1,-1,-1,-1,-1,0,0,0,0,0,0,-1,-2,-1,-1,0,0,0,1,2,2,2,2,3,4,3,2,2,2,2,1,1,1,1
Clec4d,218,2,1,1,1,2,3,3,3,3,2,2,1,1,1,0,0,0,0,1,1,1,2,2,2,2,2,3,3,3,2,2,2,2,3,3,3,3,3,4,3,2,2,2,2,2,2,2,2,1,1,1,0,0,0,0,0,-1,0,0,1,1,1,1,0,0,0,0,0,-1,-1,0,0,0,0,0,-1,-1,-2,-1,-1,-1,-1,-1,-1,-1,-1,-1,-2,-2,-2,-2,-2,-2,-3,-3,-4,-4,-4,-4,-3
Ctsh,333,0,-1,-1,-1,0,0,0,0,1,1,1,1,2,2,2,2,2,2,1,1,1,1,3,3,3,3,3,3,3,4,3,4,5,5,4,4,4,4,3,4,4,4,3,3,4,4,4,4,5,5,5,5,3,3,3,3,3,2,2,3,3,3,2,2,2,2,1,1,1,0,0,0,0,0,0,0,0,0,0,1,1,1,2,2,2,2,2,3,3,1,1,1,2,3,3,3,4,4,4,4
Dap,102,4,3,3,3,3,2,3,4,2,1,3,2,2,1,0,0,-1,-1,-2,-2,-3,-3,-3,-3,-2,-3,-3,-3,-3,-4,-4,-4,-4,-4,-4,-2,-2,-4,-2,-2,-3,-2,-3,-2,-1,-1,0,0,1,1,1,2,2,2,1,1,1,0,1,1,1,1,1,2,2,1,1,2,1,2,2,3,2,,,,,,,,,,,,,,,,,,,,,,,,,,,
Dhx58,678,1,0,2,2,1,1,1,1,1,3,4,4,4,3,3,3,3,4,3,4,4,4,4,4,4,4,5,5,5,5,4,4,3,3,3,2,1,1,2,2,1,1,0,2,2,2,3,2,2,1,1,1,1,0,0,0,-1,0,0,0,0,0,0,0,0,2,3,3,1,0,0,0,1,0,0,-1,-1,-1,-1,-1,-1,-1,-1,0,0,-1,-2,-4,-5,-5,-5,-6,-6,-5,-6,-7,-7,-7,-6,-6
Dock4,1978,0,-2,-2,-2,-2,-2,-1,-2,0,-1,-2,-2,-2,-2,-1,-1,-1,-1,-2,-1,-1,-1,-1,-1,0,0,0,0,1,1,1,2,2,2,2,3,3,4,3,3,5,5,6,6,5,5,4,4,4,3,3,3,2,1,0,0,0,0,-1,-1,-1,-1,-1,-1,0,-2,-2,-2,-2,-2,-3,-2,-3,-3,-3,-3,-1,-1,-2,-2,-3,-3,-2,-1,0,0,0,0,1,1,1,0,0,0,-2,-1,0,1,1,1
Fcgr1,404,-2,-2,-2,-2,-2,-2,-2,-2,-1,0,0,0,0,0,0,0,1,0,0,0,0,0,0,0,-1,0,0,0,0,0,0,-2,-2,-2,-2,-2,-2,-2,-2,-2,-2,-2,-2,-2,-2,-2,-3,-2,-2,-2,-2,-2,-2,-2,-2,-2,-2,-2,-2,-3,-3,-2,-3,-3,-2,-2,-2,-2,-2,-2,-2,-2,-2,-2,-3,-3,-3,-3,-3,-3,-3,-3,-3,-4,-3,-3,-3,-3,-3,-2,-2,-1,1,1,0,0,-1,-1,-2,-2
Fcgr4,249,1,0,1,1,1,2,2,2,1,0,-1,-1,-1,-1,-1,0,0,0,0,0,0,0,0,-1,-3,-3,-3,-3,-2,-2,-1,-1,-2,-3,-3,-4,-4,-4,-3,-2,-2,-2,-2,-2,-2,-3,-3,-3,-3,-2,-2,-1,-2,-1,0,0,0,1,0,0,0,0,0,1,1,1,1,0,0,0,1,1,0,0,0,0,0,0,0,-1,-1,-2,-1,-1,0,0,0,-1,-1,-2,-2,-3,-3,-3,-3,-3,-2,-1,-1,-1
Gbp2,589,-3,-4,-4,-4,-3,-3,-3,-3,-3,-2,-2,-2,-2,-2,-2,-1,-1,-1,1,1,1,2,2,2,2,2,3,4,4,3,3,4,5,5,5,5,5,5,5,5,5,5,5,5,5,5,6,6,5,5,5,4,4,4,4,4,4,4,5,5,5,4,3,3,3,3,3,2,2,1,1,1,0,-1,-1,-2,-2,-2,-3,-3,-3,-3,-4,-4,-4,-4,-4,-5,-6,-6,-6,-6,-6,-6,-6,-6,-6,-5,-5,-4
Gbp4,644,1,0,-1,-1,-1,-2,-2,-3,-3,-3,-4,-4,-4,-5,-4,-4,-4,-4,-4,-4,-4,-4,-4,-4,-4,-4,-3,-3,-3,-3,-2,-2,-1,-1,-1,-1,-1,0,0,0,1,1,1,2,1,1,1,1,1,1,1,1,1,1,2,2,2,2,2,2,2,3,2,2,2,1,1,1,1,1,0,0,0,0,0,0,0,0,0,0,1,1,1,1,0,0,-1,-1,-2,-2,-2,-3,-4,-4,-5,-3,-3,-4,-4,-3
Gbp5,590,-2,-3,-3,-3,-2,-2,-2,-2,-2,-1,-1,-1,-1,-1,-1,-1,-1,-1,1,1,1,2,2,2,2,2,3,4,4,3,3,4,3,4,4,4,4,4,4,4,4,4,4,4,4,4,5,5,4,4,4,3,3,3,3,3,3,2,3,3,2,1,2,1,1,1,1,0,0,-1,-1,-1,-1,-2,-2,-3,-3,-4,-5,-4,-3,-3,-4,-4,-4,-4,-4,-4,-5,-5,-4,-4,-4,-4,-4,-4,-4,-3,-3,-2
Gbp6,611,-4,-4,-4,-4,-4,-4,-4,-4,-4,-4,-4,-4,-4,-3,-3,-3,-2,-1,-1,0,0,0,0,0,1,1,1,2,2,2,3,2,2,2,2,2,2,2,2,2,2,2,2,2,3,3,2,2,2,1,1,1,1,1,1,1,2,2,1,1,1,1,1,1,1,0,0,-1,-1,-1,-1,-2,-2,-3,-3,-3,-4,-4,-3,-3,-4,-4,-4,-4,-4,-4,-5,-5,-4,-4,-4,-4,-4,-4,-4,-3,-3,-2,-2,-2
Gbp7,638,-2,-3,-4,-3,-3,-3,-3,-3,-2,-2,-2,-2,-2,-2,-2,-1,-1,0,1,2,3,4,3,3,3,3,2,3,3,3,3,3,4,3,3,3,3,3,3,3,3,3,4,4,3,3,4,4,3,3,3,2,2,2,2,2,2,1,2,2,3,3,3,3,3,3,3,2,2,1,1,1,0,-1,0,-1,-1,-1,-2,-2,-1,-1,-2,-2,-2,-2,-2,-2,-3,-3,-4,-4,-4,-4,-4,-4,-4,-3,-3,-2
Gbp9,619,-4,-4,-4,-4,-4,-4,-4,-4,-4,-4,-4,-4,-4,-3,-3,-3,-2,-1,-1,0,0,0,0,0,1,1,1,2,2,2,3,2,2,2,2,2,2,2,2,2,2,2,2,2,3,3,2,2,2,1,1,1,1,1,1,1,2,2,1,1,1,1,1,1,1,0,0,-1,-1,-1,-1,-2,-2,-3,-3,-3,-3,-3,-2,-2,-3,-3,-3,-3,-3,-3,-4,-4,-3,-3,-3,-3,-3,-3,-3,-2,-2,-1,-1,-1
Gm12185,835,1,0,0,0,0,-1,-1,-1,-1,-2,-3,-3,-4,-3,-2,-3,-3,-3,-3,-3,-3,-3,-4,-4,-5,-5,-6,-6,-7,-5,-5,-5,-5,-5,-5,-4,-4,-4,-4,-4,-3,-3,-3,-3,-2,-1,-1,-1,-1,-1,-1,-1,-1,-1,-1,-1,-1,-2,-2,-4,-4,-4,-4,-4,-4,-4,-4,-4,-4,-3,-3,-3,-3,-4,-4,-4,-4,-4,-4,-4,-4,-3,-3,-3,-3,-3,-2,-1,0,0,0,0,0,0,0,0,0,0,0,0
Gm5431,844,0,0,0,1,1,1,1,1,0,0,0,0,-1,0,0,0,1,1,0,-1,-1,-1,-1,0,-1,-1,-1,-1,-1,-2,-2,-3,-3,-4,-4,-4,-4,-5,-3,-3,-3,-3,-3,-3,-2,-2,-2,-2,-2,-1,-1,-1,-1,-1,0,0,0,0,0,0,0,0,0,0,0,-1,-2,-2,-4,-4,-4,-4,-4,-4,-4,-4,-4,-4,-3,-3,-3,-3,-4,-4,-4,-4,-4,-4,-4,-4,-3,-3,-3,-3,-3,-2,-1,0,0,0
Gsdmd,487,2,1,1,1,1,1,3,2,2,2,1,1,1,2,2,3,3,3,3,4,3,3,5,5,6,6,6,7,7,7,6,6,6,7,6,6,5,4,4,4,4,4,3,2,0,0,-1,-1,-1,-2,-2,-2,-2,-2,-3,-4,-4,-4,-5,-5,-5,-5,-5,-6,-4,-4,-4,-3,-3,-3,-3,-3,-3,-3,-1,-1,0,0,0,0,0,0,-1,-2,-2,-1,-1,-1,0,0,0,0,0,0,-1,0,0,0,0,1
H2-D1,341,3,2,2,2,2,2,2,2,2,2,3,3,4,4,4,4,4,4,3,3,2,1,1,1,1,1,2,1,0,0,0,0,1,1,1,1,1,0,0,1,0,0,-1,-1,-2,-2,-3,-3,-3,-4,-3,-2,-3,-2,-2,-2,-2,-1,0,1,2,2,0,1,2,1,1,1,1,0,0,0,0,0,1,1,2,2,2,3,4,4,5,4,4,4,3,2,3,2,2,2,3,1,0,0,0,0,0,1
H2-K1,368,3,2,2,2,2,3,3,3,3,3,4,4,5,5,5,5,5,5,5,5,3,2,2,1,1,1,2,1,0,0,-1,-1,-2,-2,-2,-2,-2,-3,-3,-2,-3,-2,-3,-3,-4,-4,-4,-5,-5,-6,-5,-4,-5,-3,-3,-3,-4,-4,-3,-2,-2,-2,-2,-2,-2,-3,-2,-1,-2,-3,-2,-3,-3,-3,-1,-1,-1,0,0,1,1,1,2,1,1,1,1,1,2,1,2,2,3,2,2,2,1,0,1,2
H2-Q4,354,2,2,2,2,2,2,2,2,2,3,3,3,3,3,3,4,4,4,5,5,4,4,4,4,3,3,3,3,3,3,3,2,2,3,3,3,3,3,2,1,2,2,2,2,2,1,1,1,0,0,0,-1,-1,-1,0,0,-1,-1,-2,-2,-3,-3,-3,-3,-3,-4,-4,-3,-2,-2,-3,-3,-4,-4,-5,-5,-5,-6,-5,-5,-6,-4,-5,-5,-6,-5,-4,-3,-2,-2,-2,-2,-2,-3,-2,-1,-1,-2,-1,-1
H2-Q6,306,2,1,1,1,1,1,1,1,1,1,0,0,1,1,1,1,1,1,2,2,0,0,1,1,1,1,2,1,0,0,-1,-1,-2,-2,-2,-1,-1,-2,-2,-1,0,1,0,0,-1,-1,-2,-2,-2,-3,-2,-2,-4,-3,-4,-4,-5,-4,-3,-2,-1,-1,-1,-2,-2,-3,-2,-1,-1,-2,-1,-2,-2,-2,0,0,1,1,1,2,3,3,4,3,4,4,4,3,3,2,2,2,3,3,3,3,2,1,0,1
H2-Q7,334,1,0,0,0,0,1,1,1,1,1,0,0,0,0,0,0,0,0,1,1,-1,-2,-2,-2,-2,-2,-1,-1,-2,-2,-3,-3,-4,-4,-4,-4,-4,-5,-5,-4,-3,-2,-2,-2,-3,-3,-4,-4,-4,-5,-4,-3,-4,-3,-4,-4,-5,-5,-4,-3,-2,-2,-2,-2,-2,-3,-2,-1,-1,-2,-1,-2,-2,-2,-1,-1,0,0,0,1,2,2,3,2,3,3,3,3,3,2,2,2,3,2,2,2,1,0,0,1
H2-T23,357,2,1,1,1,2,2,2,2,2,1,1,2,2,2,2,2,2,2,2,1,0,0,0,0,0,1,0,-1,-1,-2,-2,-3,-3,-3,-3,-3,-4,-4,-3,-2,-1,-2,-2,-3,-3,-4,-4,-4,-5,-4,-3,-4,-3,-4,-4,-5,-4,-3,-2,-2,-2,-1,0,0,-1,0,1,1,0,1,0,0,0,1,1,2,2,2,3,3,2,2,1,2,2,2,1,1,0,1,1,1,-1,-1,-1,-2,-3,-3,-2,-3
H2-T24,363,1,-1,-1,-1,-1,-1,-1,-1,-1,-1,-1,-1,-1,-1,0,0,-1,-1,-2,-2,-2,-2,-2,-2,-3,-3,-2,-2,-2,-1,-1,-1,-1,-1,-1,-2,-2,-2,-1,-2,-2,-2,-2,-2,-2,-2,-1,-2,-2,-3,-3,-3,-3,-3,-1,-1,-1,-1,-1,-2,-2,-1,-1,0,0,1,2,2,1,2,2,2,2,2,2,2,2,3,4,5,4,4,4,5,4,4,3,3,3,3,3,3,3,2,2,2,1,1,0,0
Hck,524,4,4,3,3,2,3,3,3,5,6,5,5,5,5,4,4,6,6,5,5,5,4,4,3,3,3,2,2,1,2,2,1,2,2,2,1,1,1,0,0,1,1,1,1,0,0,-1,-2,-3,-3,-3,-3,-3,-2,-2,-2,-3,-3,-4,-5,-5,-5,-4,-5,-6,-6,-6,-6,-6,-5,-5,-6,-6,-6,-5,-5,-5,-5,-5,-5,-5,-6,-6,-6,-5,-5,-3,-3,-2,-2,-2,-1,-1,-1,0,0,0,0,0,-1
Ifi44,422,6,5,5,5,5,5,4,4,4,4,4,4,5,4,4,3,3,3,3,3,3,3,2,1,1,1,1,0,1,0,0,0,0,0,-1,-1,0,-1,-1,-1,-1,-1,0,-1,-1,0,0,0,0,0,0,0,0,-1,-1,-1,-1,0,-1,-1,-1,0,0,0,-1,-1,-2,-1,-1,-1,-1,-1,-1,1,2,2,2,1,1,1,1,1,1,1,0,1,1,1,1,1,1,0,0,0,1,2,2,2,2,2
Ifih1,976,2,1,1,0,0,0,0,0,1,2,2,1,0,1,0,0,0,0,1,1,1,0,0,-1,-1,-1,-1,-1,-1,0,-1,-1,-1,0,0,0,0,-1,-1,-1,-1,0,0,-1,0,0,0,0,-1,-2,-2,-3,-3,-3,-4,-4,-4,-4,-4,-4,-3,-3,-3,-2,-2,-2,-1,0,0,0,0,-1,-1,-1,-1,-1,-1,-1,-2,-2,-2,-1,-2,-3,-2,-2,-2,-2,-2,-2,-2,-2,-2,-3,-3,-3,-4,-5,-4,-4
Ifitm2,144,-2,-3,-3,-4,-4,-4,-4,-4,-4,-4,-4,-3,-3,-3,-3,-3,-3,-3,-3,-2,-2,-2,-2,-3,-2,-2,-2,-2,-2,-2,-1,-1,-1,0,0,0,0,0,0,0,0,-1,-1,-1,-1,-1,-1,-1,-1,-2,-1,-1,0,0,1,1,2,3,3,3,3,2,2,2,2,2,2,2,2,2,2,2,2,3,3,3,3,3,3,3,3,3,2,2,1,2,1,0,0,0,0,1,1,1,1,1,1,1,1,1
Ifit2,472,0,-1,-2,-3,-3,-4,-6,-4,-4,-4,-4,-3,-4,-5,-6,-6,-6,-7,-8,-8,-7,-7,-7,-7,-7,-7,-7,-6,-5,-4,-4,-3,-2,-1,0,1,2,1,0,0,0,-1,0,1,1,1,0,0,0,0,-1,-1,-1,-1,-1,-1,-1,-2,-2,-2,-3,-4,-3,-3,-4,-4,-4,-4,-3,-3,-3,-3,-3,-3,-3,-3,-2,-2,-1,-1,-1,-1,0,0,0,0,0,1,0,1,2,3,2,2,2,3,4,4,4,4
Ifit3,403,0,-1,-1,0,0,-1,-3,-1,-1,-1,0,0,0,-1,-1,-1,-1,-2,-3,-4,-3,-3,-3,-3,-3,-4,-5,-4,-4,-4,-4,-3,-3,-3,-4,-3,-3,-4,-3,-3,-3,-3,-4,-3,-3,-3,-3,-3,-3,-3,-4,-3,-2,-2,-3,-2,-2,-3,-3,-3,-4,-5,-4,-3,-2,-2,-1,-1,-2,-2,-2,-2,-1,-1,-1,-1,-1,-1,0,2,2,1,-1,-1,0,0,0,1,0,1,2,3,2,1,1,1,2,2,2,2
Ifit3b,428,0,0,-1,-1,0,-1,-1,-1,-1,0,0,1,2,1,1,1,1,1,1,1,1,2,1,0,-1,-1,-1,-1,0,0,-1,-3,-1,-1,-1,0,0,0,-1,-1,-1,-1,-2,-3,-4,-3,-3,-3,-3,-3,-4,-5,-4,-4,-4,-4,-3,-3,-3,-4,-3,-3,-4,-3,-3,-3,-3,-4,-3,-3,-3,-3,-3,-3,-3,-4,-3,-2,-2,-3,-2,-1,-2,-2,-2,-3,-4,-3,-2,-1,-1,0,0,-1,-1,-1,-1,0,0,0
Ifitm2,144,-2,-3,-3,-4,-4,-4,-4,-4,-4,-4,-4,-3,-3,-3,-3,-3,-3,-3,-3,-2,-2,-2,-2,-3,-2,-2,-2,-2,-2,-2,-1,-1,-1,0,0,0,0,0,0,0,0,-1,-1,-1,-1,-1,-1,-1,-1,-2,-1,-1,0,0,1,1,2,3,3,3,3,2,2,2,2,2,2,2,2,2,2,2,2,3,3,3,3,3,3,3,3,3,2,2,1,2,1,0,0,0,0,1,1,1,1,1,1,1,1,1
Igtp,423,4,3,4,4,5,5,4,4,4,4,3,3,3,2,2,2,2,2,2,2,2,2,1,1,1,0,-2,-3,-3,-2,-2,-2,-2,-3,-4,-4,-4,-4,-3,-3,-2,-2,-2,-2,-1,-2,-3,-3,-3,-3,-2,-2,0,0,1,2,4,4,4,3,3,3,2,3,3,3,3,3,2,2,2,2,2,2,1,3,4,4,4,4,2,1,-1,-2,-3,-3,-4,-4,-4,-4,-4,-3,-2,-2,-1,0,0,0,0,0
Iigp1,413,1,1,2,2,2,2,2,1,1,0,0,1,2,1,1,3,3,4,5,5,5,5,5,5,5,4,3,3,3,3,2,1,0,1,0,0,-1,0,0,0,0,0,0,1,1,0,0,-2,-3,-3,-3,-3,-2,-2,-2,-2,-2,-2,-2,-2,0,0,0,-1,0,-1,-1,-2,-2,-2,-2,-1,-1,-1,-1,-1,-2,-1,-1,-1,-2,-1,-2,-2,-2,-1,-1,-1,-1,-1,-2,-2,-2,-2,-2,-1,-1,0,0,0
Il1a,270,-4,-5,-5,-5,-5,-5,-4,-5,-5,-4,-3,-3,-4,-4,-4,-5,-5,-4,-4,-4,-3,-3,-3,-3,-3,-2,-1,-1,-2,-2,-2,-1,-1,-2,-2,-2,-2,-1,0,-1,-1,0,0,0,0,1,1,1,1,2,2,2,3,3,3,3,4,5,7,7,7,6,6,5,5,5,5,4,2,2,2,1,1,1,1,1,0,0,-1,-2,-2,-2,-3,-3,-2,-3,-4,-5,-6,-6,-6,-6,-6,-6,-6,-5,-5,-3,-2,-1
Il1b,269,-6,-7,-6,-6,-6,-6,-5,-5,-5,-6,-5,-5,-5,-5,-6,-6,-6,-5,-4,-4,-3,-3,-3,-3,-2,-2,-1,-1,0,0,-1,0,-1,-1,-1,-1,-1,-1,-1,0,0,-1,0,0,1,2,2,2,2,2,2,2,2,2,2,2,1,0,-2,-2,-2,-3,-3,-3,-3,-3,-3,-3,-4,-5,-6,-5,-6,-6,-6,-7,-7,-7,-8,-9,-10,-11,-11,-11,-11,-11,-10,-10,-9,-9,-9,-8,-8,-8,-8,-8,-7,-7,-5,-5
Il1rn,162,4,4,4,4,4,4,5,6,6,6,6,5,5,5,5,4,3,3,3,2,2,3,3,2,0,1,1,1,1,1,1,0,-1,-1,-1,-1,-2,-2,-2,-2,-2,-2,-2,-2,-1,-1,-1,-1,-1,-1,-1,-1,-1,0,0,-2,-2,0,0,0,0,-1,-1,-1,-1,-1,-1,-2,-2,-2,-1,-1,0,-1,-3,-4,-3,-2,-2,-2,-2,-3,-2,-2,-2,0,0,-1,-1,-1,-1,0,0,0,0,0,0,1,1,1
Il36g,193,-2,-3,-2,-1,-1,0,-1,-2,-2,-2,-2,-2,-2,-1,-1,-1,0,-1,0,0,0,-1,-1,-2,-2,-3,-3,-3,-3,-3,-3,-3,-2,-3,-3,-3,-3,-3,-3,-3,-3,-2,-2,-3,-1,-1,-1,0,0,0,1,1,1,2,2,3,4,4,4,3,3,3,1,1,0,1,1,1,1,1,1,0,0,0,-1,-1,-1,-2,-1,-1,-1,-1,-1,0,-1,-1,-2,-2,-2,-1,-1,-1,0,0,2,0,-1,0,0,0
Irak3,609,1,0,0,-1,-2,-2,-3,-3,-4,-4,-4,-4,-3,-3,-3,-3,-4,-3,-3,-2,-2,-2,-2,-2,-3,-3,-2,-1,-1,-2,-1,-1,-1,0,0,0,2,2,2,2,3,2,1,1,1,1,2,1,1,2,2,3,3,3,4,3,2,2,1,2,1,1,0,0,0,0,-1,0,0,0,-1,0,0,0,0,0,0,0,0,-1,-1,-2,-2,-2,-2,-1,-1,-1,-1,-1,-1,-1,0,0,0,0,0,-2,-2,-1
Irgm1,393,0,0,0,1,0,1,1,1,2,1,1,2,2,2,1,1,1,1,1,1,2,1,1,1,1,0,0,0,1,1,1,0,0,0,1,0,0,0,-2,-1,-1,-2,-2,-2,-1,-1,-1,-1,-1,-1,-2,0,0,0,0,0,-1,-2,-3,-3,-3,-3,-3,-3,-3,-3,-3,-2,-1,-1,0,0,1,1,0,0,0,0,0,0,0,-1,-1,-1,-1,-1,0,0,1,1,1,1,1,1,1,1,1,0,0,-1
Irgm2,395,-5,-6,-5,-4,-4,-3,-1,-1,-2,-1,-1,-2,0,-1,0,-1,-1,-1,1,1,1,1,1,1,1,1,1,1,1,1,1,1,2,2,3,2,2,2,3,3,3,3,1,2,2,3,3,3,2,2,2,2,2,2,1,3,3,3,3,3,2,1,1,0,-1,-1,-2,-2,-2,-2,-2,-1,0,0,0,1,1,1,1,1,1,1,1,1,1,0,0,0,-1,-1,0,0,-1,0,0,0,0,0,0,0
Isg20,300,0,-1,-1,-1,-1,-1,0,0,0,0,-1,1,1,2,3,3,2,2,1,1,1,-1,-1,0,0,0,0,-1,-1,-1,-1,-1,-1,-1,-1,-1,0,0,0,0,1,0,-1,-1,-1,-1,-1,-1,0,0,0,1,2,1,2,2,2,2,2,2,1,1,2,2,1,1,0,0,0,1,0,-1,0,0,0,0,1,1,1,0,0,0,-1,-2,-2,-2,-2,-2,-2,-3,-2,-1,-2,-2,-1,-1,-1,0,0,-1
Lyn,512,2,1,1,1,2,0,0,-1,-2,-3,-1,-1,-1,0,1,2,3,2,3,3,2,2,2,2,2,2,2,2,3,3,2,2,1,0,-1,0,-1,-1,-1,-1,-2,-2,-2,-3,-3,-4,-4,-3,-3,-3,-4,-5,-5,-5,-5,-5,-4,-4,-5,-5,-4,-3,-2,-1,-2,-3,-2,-2,-3,-3,-3,-2,-2,-1,-1,0,0,0,1,2,2,3,3,3,3,2,1,1,2,1,2,1,1,1,2,2,2,1,1,1
Mefv,767,0,-1,-1,-2,-3,-2,-2,-1,-1,0,0,0,1,1,2,3,3,3,3,4,5,5,7,6,6,5,5,4,4,4,4,4,4,3,3,2,2,2,3,2,2,2,1,1,1,2,2,2,2,1,2,2,1,1,0,-1,-1,0,1,1,1,1,1,1,2,2,2,1,-1,-1,0,0,0,0,0,-1,-1,-1,-1,-1,-3,-3,-2,-2,0,1,1,1,0,0,-1,-1,-1,-1,-1,-2,-2,-1,0,0
Nos2,136,1,-1,0,-1,-1,-1,-2,-2,-2,-2,-3,-1,-1,-1,-2,-1,-1,-2,-2,-3,-3,-3,-3,-3,-3,-3,-4,-5,-5,-6,-6,-5,-5,-4,-4,-3,-2,-1,-1,-2,-2,-2,-2,-2,-1,-2,-2,-1,-1,0,1,2,2,1,1,1,1,1,1,1,1,1,2,2,2,1,1,1,1,2,2,1,1,1,0,0,0,0,0,0,0,0,0,1,1,1,1,1,1,1,1,1,0,1,2,2,2,3,3,3
Oas1a,367,-3,-4,-2,-2,-2,-2,-3,-3,-3,-3,-4,-4,-4,-3,-3,-3,-3,-3,-2,-1,-1,-1,-1,-1,0,1,1,1,2,2,3,4,3,3,3,3,3,4,4,4,5,5,6,5,7,6,5,5,4,4,4,4,4,4,4,3,3,3,2,2,1,-1,-1,-1,-1,0,1,0,-1,-1,-1,0,-2,-2,-2,-1,0,0,1,0,0,0,0,-1,0,1,1,2,2,3,4,4,4,4,4,3,2,2,3,3
Oas2,751,1,0,0,0,0,0,1,1,0,1,1,1,2,1,1,1,1,1,1,0,0,0,0,1,1,1,1,1,1,1,1,1,1,1,2,2,0,0,1,0,0,-1,-1,-1,0,0,0,1,0,1,1,2,2,1,0,0,0,0,-1,-1,-1,-1,-2,-2,-3,-2,-1,-1,-1,-1,-1,1,0,0,-1,0,0,-1,0,0,0,0,-1,-1,0,0,1,1,2,2,1,1,2,2,2,1,1,1,0,0
Oas3,1138,0,-1,0,0,0,0,0,0,0,0,0,0,1,0,1,1,2,2,2,2,3,3,4,4,5,6,6,6,7,7,6,6,6,6,7,7,7,7,7,8,8,8,8,7,6,5,4,4,4,4,3,2,1,1,1,0,0,0,-2,-2,-1,-1,-1,-1,-2,-3,-3,-3,-3,-4,-4,-3,-3,-2,-2,-2,-2,-2,-2,-2,-2,-1,-1,-1,-1,-1,-1,-1,-1,-1,-2,-2,-2,-1,-1,0,1,1,1,1
Oasl1,511,1,-1,-2,-2,-2,-3,-2,-2,-2,-2,-2,-3,-3,-3,-4,-3,-2,-3,-3,-3,-2,-3,-4,-3,-3,-3,-3,-3,-3,-3,-3,-2,-1,0,0,1,2,2,2,2,2,3,3,3,3,2,2,4,4,4,3,3,4,2,2,2,2,1,2,2,1,1,1,0,0,0,-2,-3,-3,-2,-2,-2,-2,-2,-2,-2,-1,-2,-2,-2,-1,1,1,2,2,2,2,1,1,1,0,0,0,0,0,0,1,2,2,1
Oasl2,260,-4,-5,-5,-5,-3,-3,-3,-2,-2,-2,-2,-3,-2,-1,0,0,0,0,1,2,3,3,4,4,3,4,3,4,4,4,3,3,3,2,1,1,1,1,1,1,2,4,5,5,4,3,3,3,2,1,0,0,-1,-1,0,-1,-1,-1,-1,-1,0,0,0,1,1,1,1,0,1,1,0,-1,-2,-1,-1,1,0,0,0,0,2,2,3,3,3,3,3,3,2,2,2,2,2,2,2,2,2,3,2,2
Pml,95,-2,-3,-3,-3,-3,-4,-4,-4,-4,-4,-3,-3,-3,-3,-3,-3,-3,-3,-3,-3,-3,-3,-3,-3,-2,-2,-2,-2,-1,-1,0,1,2,2,3,4,5,5,5,5,4,4,5,5,5,4,4,3,2,1,0,0,0,0,1,1,1,1,2,3,3,2,1,2,2,1,,,,,,,,,,,,,,,,,,,,,,,,,,,,,,,,,,
Rel,587,4,3,3,3,3,3,3,3,2,3,3,4,3,3,4,5,5,4,4,3,3,3,2,2,1,1,0,0,2,2,2,2,3,3,3,3,3,3,5,4,3,3,4,5,5,4,4,4,3,3,3,3,4,3,3,4,3,3,2,2,0,0,-2,-2,-2,-2,-3,-2,-2,-2,-1,-1,-1,-2,-2,-2,-2,-2,0,0,0,1,1,3,2,1,3,3,3,3,4,4,6,6,6,6,7,6,5,5
Relb,501,3,2,2,1,1,1,2,1,1,1,1,1,1,1,1,2,2,2,2,2,2,2,1,1,1,2,2,3,3,3,4,4,5,5,4,4,2,2,3,3,3,3,3,3,3,2,1,1,1,1,0,0,1,2,2,1,1,0,0,-1,-2,-1,-3,-3,-2,-2,-1,0,-2,-2,-3,-3,-3,-3,-3,-3,-2,-2,-1,-2,-1,-1,-1,-1,-1,-1,-1,-1,-1,0,0,-1,1,0,0,0,-1,-2,-1,-1
Ripk2,402,-1,-2,-1,-1,0,0,0,0,0,1,1,0,1,1,1,2,2,2,3,2,3,3,3,3,2,2,2,3,3,2,2,2,0,0,-1,-1,0,0,1,1,1,1,1,1,0,-1,-1,-1,-1,0,0,0,0,0,-1,-1,-1,-1,0,2,2,2,3,2,1,1,0,0,-1,-1,-1,-1,-2,-2,-1,-1,-1,-1,-1,-1,0,0,-1,-1,0,-1,-2,-2,-3,-4,-4,-5,-5,-4,-3,-2,-2,-2,-2,-2
Sema4a,760,1,0,0,0,0,0,0,0,0,1,1,2,2,3,3,2,2,2,1,1,1,2,2,2,2,2,2,2,2,3,3,3,4,3,3,2,2,2,2,2,2,0,-1,-2,-2,-2,-2,-2,-1,-1,-1,-1,-2,-2,-2,-2,-2,-2,-2,-3,-3,-3,-4,-3,-3,-2,-1,-1,0,0,0,1,2,2,2,2,2,1,2,3,4,3,3,3,3,3,4,5,6,6,6,5,5,5,5,5,4,4,3,4
Slfn8,407,-3,-4,-2,-2,-3,-3,-2,-1,0,1,0,-1,0,0,1,2,2,1,1,1,1,1,2,2,2,2,2,3,4,5,4,4,3,3,4,4,3,3,2,0,0,1,0,-1,-2,-2,-2,-2,-2,-3,-2,-2,-2,-1,-2,-2,-2,-2,-2,-2,-2,-2,-2,-2,-2,-2,-3,-4,-3,-2,-2,-3,-4,-3,-3,-3,-3,-2,-2,0,-1,-1,-1,-2,0,0,-1,-2,-2,-2,-2,-1,-1,0,0,0,1,1,0,0
Slfn9,910,1,0,2,3,2,2,3,4,5,6,5,3,4,4,5,6,6,6,6,6,6,6,7,7,7,7,7,8,7,7,6,6,5,4,5,5,4,3,2,0,0,1,-1,0,-1,-1,-1,-2,-2,-3,-3,-3,-3,-2,-2,-2,-2,-2,-2,-2,-3,-3,-3,-3,-3,-3,-4,-4,-3,-2,-2,-3,-3,-3,-3,-3,-3,-2,-2,0,0,0,0,-1,-1,-1,-2,-3,-4,-4,-3,-2,-2,-1,-1,-1,0,0,-1,-1
Src,535,4,3,3,3,3,2,2,1,1,1,2,2,2,2,0,-1,-2,-1,-1,0,0,0,1,1,1,1,1,1,1,0,0,1,1,1,1,1,1,1,1,0,-1,-1,-1,-1,0,0,0,0,0,0,0,0,0,0,0,0,0,0,0,1,1,0,0,-1,-1,-2,-2,-1,-1,-2,-1,-2,-2,-2,-2,-1,0,-1,-2,-1,-1,-1,-1,-1,-1,-1,-1,-2,-2,-3,-3,-3,-3,-2,-2,-1,-1,-2,-2,-1
Stat1,749,-4,-4,-4,-4,-4,-4,-3,-3,-3,-4,-3,-2,-3,-4,-5,-5,-4,-4,-4,-5,-5,-5,-5,-4,-3,-3,-2,-2,-2,-2,-2,-3,-3,-3,-3,-4,-5,-5,-5,-4,-4,-4,-3,-3,-3,-3,-3,-3,-3,-2,-2,-2,-2,-2,-1,0,-1,0,1,2,2,2,1,1,1,2,2,1,1,1,0,0,0,0,1,1,1,1,1,1,2,1,0,1,1,0,0,-2,-3,-3,-3,-2,-1,-1,-1,-1,0,0,0,0
Stat2,923,-3,-4,-3,-3,-3,-2,-2,-2,-2,-2,-3,-3,-3,-3,-3,-2,-2,-2,-2,-2,-3,-3,-4,-5,-5,-4,-4,-4,-4,-4,-3,-3,-4,-4,-4,-5,-5,-5,-5,-5,-4,-4,-4,-4,-4,-5,-5,-5,-4,-4,-3,-3,-2,-1,-1,-2,-2,-1,0,0,0,1,0,0,0,1,1,1,1,1,1,2,2,2,2,1,2,2,1,1,1,1,1,0,-1,-1,0,-1,-2,-2,-2,-3,-2,-1,-1,-1,-2,-2,-2,-2
Sting1,337,5,4,4,4,4,4,4,5,4,4,4,4,3,3,2,3,3,2,2,1,1,1,1,1,1,0,0,0,0,0,0,1,1,1,1,1,1,0,0,-1,-1,-1,-1,-1,-1,-2,-2,-2,-2,-2,-2,-2,-2,-2,-2,-1,0,0,0,0,0,-1,-1,-1,-1,-1,-1,-1,0,1,1,0,0,0,0,0,0,-1,-2,-1,0,0,0,0,0,0,-1,-1,-1,-1,-1,-1,-1,-1,-1,-1,-1,0,0,0
Syk,629,-3,-4,-4,-4,-4,-5,-5,-4,-4,-4,-4,-3,-3,-3,-2,-2,-2,-2,-2,-2,-2,-3,-2,-1,-1,0,1,1,2,3,3,3,3,3,3,4,3,4,3,3,3,2,2,2,1,1,1,1,1,2,2,2,2,2,2,2,1,1,0,-1,-1,-1,-1,-1,-2,-2,-2,-3,-2,-2,-2,-2,-2,-1,0,0,0,0,1,0,0,0,0,0,0,1,2,2,2,2,1,0,0,1,1,1,2,2,3,2
Tlr9,1032,3,2,2,2,1,0,-2,-2,-1,-1,-1,-1,-1,-1,-2,-2,-2,-2,-2,-2,-2,-1,0,0,0,1,1,1,1,1,1,1,1,1,1,1,2,3,2,2,2,2,2,2,4,4,4,4,4,4,4,3,2,2,2,1,1,1,1,1,2,2,2,2,2,3,3,2,2,2,2,2,2,2,1,1,1,1,1,1,1,1,2,2,2,1,1,2,2,2,1,1,1,2,2,1,0,-1,-1,-1
Tnfrsf14,275,0,-1,0,0,0,1,1,1,1,1,1,1,1,2,2,1,0,0,1,1,1,0,-2,-2,-2,-2,-2,-2,-2,-2,-2,-2,-2,-2,-1,-2,-2,-2,-2,-3,-3,-3,-3,-4,-4,-3,-2,-2,-2,-2,-2,-1,0,0,0,0,0,0,0,0,0,0,1,1,0,0,0,0,0,1,0,0,-1,-1,-1,-1,-1,-1,-1,-1,-2,-2,-2,-2,-2,-1,-2,-2,-2,-2,-1,-1,-2,-2,-2,-2,-2,-2,-3,-3
Tnip1,646,-2,-4,-3,-3,-3,-3,-2,-2,-1,-1,-1,0,0,1,1,1,1,0,0,0,0,-1,-1,-1,-1,-2,-1,-2,-1,-1,1,2,3,3,1,0,-1,-1,-1,-2,-2,-3,-3,-4,-4,-4,-4,-3,-3,-3,-2,-1,-1,-1,-1,-1,-2,-2,-3,-4,-5,-5,-6,-6,-6,-5,-4,-4,-5,-4,-4,-3,-3,-3,-3,-3,-3,-3,-3,-3,-3,-3,-3,-3,-3,-2,-1,-1,-1,0,-1,0,0,-1,0,0,-1,0,0,0
Tnip3,279,-2,-3,-3,-4,-5,-7,-8,-7,-7,-6,-6,-7,-7,-6,-5,-5,-5,-6,-6,-6,-6,-6,-6,-5,-4,-3,-3,-2,-3,-2,-1,-1,0,2,2,3,4,3,3,2,3,2,2,2,2,2,2,3,3,3,3,3,3,1,1,1,0,0,0,-1,-1,0,0,0,-1,-1,-1,-1,-1,-1,-2,0,1,1,2,2,2,1,2,2,3,3,2,3,3,2,3,3,3,3,3,1,0,-1,0,1,1,1,2,1
Trim12a,297,1,0,0,0,0,0,0,-1,-1,-1,-2,-1,0,0,-1,-1,-1,0,0,-1,0,1,1,1,0,0,0,0,0,2,2,2,2,2,2,2,2,2,3,3,3,4,4,4,5,5,5,4,3,5,4,4,4,4,5,5,5,5,4,2,1,1,2,2,2,2,2,2,2,2,2,2,3,3,3,3,3,3,5,5,4,3,3,3,2,2,2,2,3,3,5,5,4,3,3,4,4,4,4,4
Trim21,462,-4,-5,-5,-4,-4,-5,-5,-5,-5,-4,-4,-3,-3,-3,-3,-3,-3,-2,-2,-3,-3,-1,-1,-1,-1,-1,0,1,1,1,2,2,2,2,3,3,3,3,4,4,3,2,2,3,3,3,3,3,3,4,5,5,5,5,5,4,4,3,3,3,3,3,3,1,2,2,2,2,2,2,2,1,0,-1,-1,-1,-1,-1,-1,-1,-2,-3,-3,-3,-3,-1,-1,0,-1,-1,-2,-1,-1,0,-1,-2,-3,-3,-3,-2
Trim30d,347,-6,-8,-7,-7,-6,-8,-9,-9,-8,-7,-6,-7,-6,-5,-6,-6,-5,-6,-7,-8,-6,-6,-5,-6,-6,-5,-4,-5,-3,-4,-4,-3,-3,-4,-3,-2,-3,-4,-4,-5,-6,-6,-6,-5,-5,-5,-5,-5,-5,-4,-4,-5,-5,-4,-4,-5,-6,-5,-6,-5,-4,-5,-5,-4,-5,-5,-5,-4,-3,-2,-2,-1,-1,-2,-1,-1,-2,-1,-1,-1,-2,-1,-1,-1,0,0,0,0,0,0,0,1,2,3,4,5,6,6,5,6
Trim56,734,-1,-2,-1,-1,-2,-1,-1,-1,-1,-1,-1,-1,0,-1,-1,-1,-1,0,0,-1,-1,-1,-2,-2,-2,-1,0,0,-1,-1,0,-1,-2,-2,-2,-2,-2,-2,-3,-3,-3,-3,-3,-2,-1,-1,-1,-1,-1,0,0,0,0,0,-1,-2,-2,-1,0,1,0,1,1,0,0,0,0,0,2,2,2,2,2,2,1,1,1,1,1,1,2,2,2,2,3,3,3,2,2,2,2,2,1,2,2,1,0,0,-1,-1
Uba7,977,0,-1,0,1,2,2,2,1,0,0,1,1,1,1,1,1,1,1,1,1,0,0,0,1,0,-1,-1,-1,-1,-1,-1,-1,-2,-2,-2,-2,-2,-1,-1,-1,-2,-3,-4,-4,-4,-4,-3,-3,-2,-2,-3,-3,-3,-3,-2,-2,-2,-2,-2,-2,-2,-3,-2,-2,-2,-2,-2,-2,-2,-2,-2,-2,-1,-1,-2,-3,-4,-4,-5,-5,-4,-4,-4,-4,-4,-4,-4,-5,-5,-4,-4,-4,-5,-5,-5,-4,-4,-4,-4,-4
Zc3hav1,946,-2,-3,-3,-2,-3,-2,-2,-2,-2,-3,-3,-3,-3,-3,-3,-3,-3,-4,-3,-3,-4,-4,-4,-5,-4,-3,-4,-4,-4,-3,-3,-3,-2,-2,-1,-1,-1,-1,-1,1,1,2,1,1,2,3,4,5,4,4,5,5,5,5,5,5,6,6,6,7,7,7,6,6,6,7,7,7,7,6,6,5,5,6,5,4,3,4,4,4,3,2,2,3,3,2,2,2,2,1,1,1,2,2,2,0,0,0,0,0
